source_entity,source_path,target_entity,disposition,identity_and_ownership,privacy_default,notes
users,D:\Program\Civu\Civu-server\api\internal\store\migrations\001_init.sql;003_users_auth.sql,accounts + user_profiles + agents,conditional,old_user_id -> account_id; exactly one personal Agent per person; verified auth identity required,private until owner reconfirms,Do not migrate password_hash or merge by email
auth_identities,D:\Program\Civu\Civu-server\api\internal\store\migrations\003_users_auth.sql,account_auth_identities,manual verified binding only,provider+subject -> issuer+subject under proof,private,No session or refresh token migration
places,D:\Program\Civu\Civu-server\api\internal\store\migrations\005_regions_places.sql,places + cities,reviewed catalog migration only,old_place_id -> birdtie_place_id,public only after source/license/freshness review,Validate coordinate system and source rights; not user content
regions,D:\Program\Civu\Civu-server\api\internal\store\migrations\005_regions_places.sql,cities or reviewed city source,review required,region_id mapping,public catalog review,Do not equate every region to an active Birdtie city
user_saved_places,D:\Program\Civu\Civu-server\api\internal\store\migrations\005_regions_places.sql,saved_items,eligible after person mapping,old user/place IDs -> Birdtie account/place IDs,owner-only,Recheck target visibility on every read
journeys + journey_members + journey_arrangements + journey_media,D:\Program\Civu\Civu-server\api\internal\store\migrations\006_journeys_workspace.sql,journeys + journey_stops + media links,selective after semantic/privacy validation,old journey/member/media IDs mapped,private draft unless owner reconfirms,Preserve collaborator roles/status/order/time; checklist and notes have no direct Birdtie target
notes + note_media + note_places,D:\Program\Civu\Civu-server\api\internal\store\migrations\002_notes.sql;007_notes_extend.sql,moments + approved links + media assets,selective after semantic/privacy validation,old note/media/place IDs mapped,private draft unless owner reconfirms,Comments/likes are not new ties/messages; public content must be explicitly reconfirmed
theme_maps + theme_map_entries,D:\Program\Civu\Civu-server\api\internal\store\migrations\032_creator_theme_maps.sql,no isomorphic target,read-only archive or future explicit conversion,retain old IDs and owner reference,private,Do not silently convert maps to journeys or city catalog
media_assets + local files/object storage,D:\Program\Civu\Civu-server\api\internal\store\migrations\004_follows_media.sql,media_assets + media_variants,copy and validate binaries separately,old_media_id -> new_media_id/object key,quarantine then private,Hash/type/size/ownership scan; SQL dump does not back up media
follows,D:\Program\Civu\Civu-server\api\internal\store\migrations\004_follows_media.sql,no automatic target,exclude,retain old IDs only in restricted audit,private,Follow does not imply Birdtie Connection/Tie consent
note_likes + note_saves,D:\Program\Civu\Civu-server\api\internal\store\migrations\002_notes.sql,no direct social graph target,archive or owner-confirmed saved content only,old edge IDs mapped if retained,private,Do not infer consent,visibility,or Agent memory
theme_map_saves,D:\Program\Civu\Civu-server\api\internal\store\migrations\032_creator_theme_maps.sql,no target until ThemeMap decision,exclude from initial import,retain old IDs in restricted report,private,Target entity is not available in current Birdtie schema
organizations/journey teams,D:\Program\Civu\Civu-server\api\internal\store\migrations\003_journey_teams.sql,organizations + organization_memberships + organization Agent,manual authorization only,verified organization principal and human actor mapping,private until separately published,Do not auto-create orgs or memberships from journey teams
