"method","path","domain","disposition","civu_source","civu_revision"
"GET","/v1/realtime","realtime","untriaged","Civu-server/api/internal/httpapi/router.go","0489536"
"POST","/v1/realtime/tickets","realtime","untriaged","Civu-server/api/internal/httpapi/router.go","0489536"
"PUT","/v1/devices/{id}","devices","untriaged","Civu-server/api/internal/httpapi/router.go","0489536"
"DELETE","/v1/devices/{id}","devices","untriaged","Civu-server/api/internal/httpapi/router.go","0489536"
"GET","/healthz","healthz","untriaged","Civu-server/api/internal/httpapi/router.go","0489536"
"POST","/v1/auth/register","auth","untriaged","Civu-server/api/internal/httpapi/router.go","0489536"
"POST","/v1/auth/login","auth","untriaged","Civu-server/api/internal/httpapi/router.go","0489536"
"POST","/v1/auth/phone/code","auth","untriaged","Civu-server/api/internal/httpapi/router.go","0489536"
"POST","/v1/auth/phone/verify","auth","untriaged","Civu-server/api/internal/httpapi/router.go","0489536"
"POST","/v1/auth/wechat","auth","untriaged","Civu-server/api/internal/httpapi/router.go","0489536"
"POST","/v1/auth/refresh","auth","untriaged","Civu-server/api/internal/httpapi/router.go","0489536"
"POST","/v1/auth/logout","auth","untriaged","Civu-server/api/internal/httpapi/router.go","0489536"
"GET","/v1/me","me","untriaged","Civu-server/api/internal/httpapi/router.go","0489536"
"PATCH","/v1/me","me","untriaged","Civu-server/api/internal/httpapi/router.go","0489536"
"POST","/v1/me/identities/wechat","me","untriaged","Civu-server/api/internal/httpapi/router.go","0489536"
"DELETE","/v1/me/identities/wechat","me","untriaged","Civu-server/api/internal/httpapi/router.go","0489536"
"GET","/v1/me/notes","me","untriaged","Civu-server/api/internal/httpapi/router.go","0489536"
"GET","/v1/me/journeys","me","untriaged","Civu-server/api/internal/httpapi/router.go","0489536"
"GET","/v1/me/theme-maps","me","untriaged","Civu-server/api/internal/httpapi/router.go","0489536"
"GET","/v1/me/actions","me","untriaged","Civu-server/api/internal/httpapi/router.go","0489536"
"GET","/v1/me/action-drafts","me","untriaged","Civu-server/api/internal/httpapi/router.go","0489536"
"POST","/v1/me/action-drafts","me","untriaged","Civu-server/api/internal/httpapi/router.go","0489536"
"GET","/v1/me/action-drafts/{id}","me","untriaged","Civu-server/api/internal/httpapi/router.go","0489536"
"PUT","/v1/me/action-drafts/{id}","me","untriaged","Civu-server/api/internal/httpapi/router.go","0489536"
"DELETE","/v1/me/action-drafts/{id}","me","untriaged","Civu-server/api/internal/httpapi/router.go","0489536"
"POST","/v1/me/action-drafts/{id}/publish","me","untriaged","Civu-server/api/internal/httpapi/router.go","0489536"
"POST","/v1/media/uploads","media","untriaged","Civu-server/api/internal/httpapi/router.go","0489536"
"PUT","/v1/media/{id}/content","media","untriaged","Civu-server/api/internal/httpapi/router.go","0489536"
"POST","/v1/media/{id}/upload-session","media","untriaged","Civu-server/api/internal/httpapi/router.go","0489536"
"GET","/v1/media/{id}/upload-session","media","untriaged","Civu-server/api/internal/httpapi/router.go","0489536"
"PUT","/v1/media/{id}/upload-chunks/{index}","media","untriaged","Civu-server/api/internal/httpapi/router.go","0489536"
"POST","/v1/media/{id}/upload-complete","media","untriaged","Civu-server/api/internal/httpapi/router.go","0489536"
"GET","/v1/media/{id}","media","untriaged","Civu-server/api/internal/httpapi/router.go","0489536"
"GET","/media/{id}","media","untriaged","Civu-server/api/internal/httpapi/router.go","0489536"
"GET","/media/{id}/motion","media","untriaged","Civu-server/api/internal/httpapi/router.go","0489536"
"GET","/v1/users/{id}","users","untriaged","Civu-server/api/internal/httpapi/router.go","0489536"
"GET","/v1/users/{id}/notes","users","untriaged","Civu-server/api/internal/httpapi/router.go","0489536"
"GET","/v1/users/{id}/journeys","users","untriaged","Civu-server/api/internal/httpapi/router.go","0489536"
"GET","/v1/users/{id}/theme-maps","users","untriaged","Civu-server/api/internal/httpapi/router.go","0489536"
"POST","/v1/users/{id}/follow","users","untriaged","Civu-server/api/internal/httpapi/router.go","0489536"
"DELETE","/v1/users/{id}/follow","users","untriaged","Civu-server/api/internal/httpapi/router.go","0489536"
"GET","/v1/me/follow-requests","me","untriaged","Civu-server/api/internal/httpapi/router.go","0489536"
"GET","/v1/me/friends","me","untriaged","Civu-server/api/internal/httpapi/router.go","0489536"
"POST","/v1/users/{id}/friend-request","users","untriaged","Civu-server/api/internal/httpapi/router.go","0489536"
"POST","/v1/users/{id}/friend-request/{action}","users","untriaged","Civu-server/api/internal/httpapi/router.go","0489536"
"POST","/v1/me/follow-requests/{followerId}/accept","me","untriaged","Civu-server/api/internal/httpapi/router.go","0489536"
"POST","/v1/me/follow-requests/{followerId}/reject","me","untriaged","Civu-server/api/internal/httpapi/router.go","0489536"
"GET","/v1/cities","cities","untriaged","Civu-server/api/internal/httpapi/router.go","0489536"
"GET","/v1/regions","regions","untriaged","Civu-server/api/internal/httpapi/router.go","0489536"
"GET","/v1/place-destinations","place-destinations","untriaged","Civu-server/api/internal/httpapi/router.go","0489536"
"GET","/v1/place-destinations/resolve","place-destinations","untriaged","Civu-server/api/internal/httpapi/router.go","0489536"
"GET","/v1/place-taxonomy","place-taxonomy","untriaged","Civu-server/api/internal/httpapi/router.go","0489536"
"GET","/v1/place-taxonomy/highlights","place-taxonomy","untriaged","Civu-server/api/internal/httpapi/router.go","0489536"
"GET","/v1/me/place-category-preferences","me","untriaged","Civu-server/api/internal/httpapi/router.go","0489536"
"PUT","/v1/me/place-category-preferences","me","untriaged","Civu-server/api/internal/httpapi/router.go","0489536"
"DELETE","/v1/me/place-category-preferences","me","untriaged","Civu-server/api/internal/httpapi/router.go","0489536"
"POST","/v1/me/place-category-feedback","me","untriaged","Civu-server/api/internal/httpapi/router.go","0489536"
"GET","/v1/places/search","places","untriaged","Civu-server/api/internal/httpapi/router.go","0489536"
"POST","/v1/places/category-search","places","untriaged","Civu-server/api/internal/httpapi/router.go","0489536"
"POST","/v1/place-resolution/preview","place-resolution","untriaged","Civu-server/api/internal/httpapi/router.go","0489536"
"POST","/v1/place-resolution/coordinates","place-resolution","untriaged","Civu-server/api/internal/httpapi/router.go","0489536"
"POST","/v1/external-sources/preview","external-sources","untriaged","Civu-server/api/internal/httpapi/router.go","0489536"
"POST","/v1/place-candidates/confirm","place-candidates","untriaged","Civu-server/api/internal/httpapi/router.go","0489536"
"POST","/v1/photo-place-candidates","photo-place-candidates","untriaged","Civu-server/api/internal/httpapi/router.go","0489536"
"GET","/v1/places/reverse-address","places","untriaged","Civu-server/api/internal/httpapi/router.go","0489536"
"POST","/v1/place-submissions","place-submissions","untriaged","Civu-server/api/internal/httpapi/router.go","0489536"
"GET","/v1/place-submissions/mine","place-submissions","untriaged","Civu-server/api/internal/httpapi/router.go","0489536"
"GET","/v1/places/nearby","places","untriaged","Civu-server/api/internal/httpapi/router.go","0489536"
"GET","/v1/places/{id}","places","untriaged","Civu-server/api/internal/httpapi/router.go","0489536"
"GET","/v1/places/{id}/events","places","untriaged","Civu-server/api/internal/httpapi/router.go","0489536"
"GET","/v1/place-events/{id}","place-events","untriaged","Civu-server/api/internal/httpapi/router.go","0489536"
"GET","/v1/place-events","place-events","untriaged","Civu-server/api/internal/httpapi/router.go","0489536"
"GET","/v1/place-events/discovery","place-events","untriaged","Civu-server/api/internal/httpapi/router.go","0489536"
"GET","/v1/actions/{id}","actions","untriaged","Civu-server/api/internal/httpapi/router.go","0489536"
"GET","/v1/actions","actions","untriaged","Civu-server/api/internal/httpapi/router.go","0489536"
"GET","/v1/actions/discovery","actions","untriaged","Civu-server/api/internal/httpapi/router.go","0489536"
"PUT","/v1/actions/{id}/save","actions","untriaged","Civu-server/api/internal/httpapi/router.go","0489536"
"PUT","/v1/actions/{id}","actions","untriaged","Civu-server/api/internal/httpapi/router.go","0489536"
"DELETE","/v1/actions/{id}/save","actions","untriaged","Civu-server/api/internal/httpapi/router.go","0489536"
"POST","/v1/actions/{id}/participation","actions","untriaged","Civu-server/api/internal/httpapi/router.go","0489536"
"DELETE","/v1/actions/{id}/participation","actions","untriaged","Civu-server/api/internal/httpapi/router.go","0489536"
"POST","/v1/actions/{id}/participation/confirm","actions","untriaged","Civu-server/api/internal/httpapi/router.go","0489536"
"GET","/v1/actions/{id}/participants","actions","untriaged","Civu-server/api/internal/httpapi/router.go","0489536"
"GET","/v1/actions/{id}/social-participants","actions","untriaged","Civu-server/api/internal/httpapi/router.go","0489536"
"PUT","/v1/actions/{id}/social-visibility","actions","untriaged","Civu-server/api/internal/httpapi/router.go","0489536"
"POST","/v1/actions/{id}/participants/{userId}/decision","actions","untriaged","Civu-server/api/internal/httpapi/router.go","0489536"
"POST","/v1/actions/{id}/cancel","actions","untriaged","Civu-server/api/internal/httpapi/router.go","0489536"
"GET","/v1/actions/{id}/room","actions","untriaged","Civu-server/api/internal/httpapi/router.go","0489536"
"POST","/v1/actions/{id}/room/announcements","actions","untriaged","Civu-server/api/internal/httpapi/router.go","0489536"
"POST","/v1/actions/{id}/room/questions","actions","untriaged","Civu-server/api/internal/httpapi/router.go","0489536"
"POST","/v1/actions/{id}/room/questions/{questionId}/answer","actions","untriaged","Civu-server/api/internal/httpapi/router.go","0489536"
"POST","/v1/actions/{id}/room/submissions","actions","untriaged","Civu-server/api/internal/httpapi/router.go","0489536"
"POST","/v1/actions/{id}/room/submissions/{submissionId}/review","actions","untriaged","Civu-server/api/internal/httpapi/router.go","0489536"
"GET","/v1/places/{id}/content","places","untriaged","Civu-server/api/internal/httpapi/router.go","0489536"
"POST","/v1/places/{id}/comments","places","untriaged","Civu-server/api/internal/httpapi/router.go","0489536"
"DELETE","/v1/places/{id}/comments/{commentId}","places","untriaged","Civu-server/api/internal/httpapi/router.go","0489536"
"PUT","/v1/places/{id}/comments/{commentId}/like","places","untriaged","Civu-server/api/internal/httpapi/router.go","0489536"
"DELETE","/v1/places/{id}/comments/{commentId}/like","places","untriaged","Civu-server/api/internal/httpapi/router.go","0489536"
"POST","/v1/places/{id}/saves","places","untriaged","Civu-server/api/internal/httpapi/router.go","0489536"
"DELETE","/v1/places/{id}/saves","places","untriaged","Civu-server/api/internal/httpapi/router.go","0489536"
"POST","/v1/places/{id}/checkins","places","untriaged","Civu-server/api/internal/httpapi/router.go","0489536"
"GET","/v1/places/{id}/visits/mine","places","untriaged","Civu-server/api/internal/httpapi/router.go","0489536"
"POST","/v1/places/{id}/visits","places","untriaged","Civu-server/api/internal/httpapi/router.go","0489536"
"GET","/v1/places/{id}/image-candidates","places","untriaged","Civu-server/api/internal/httpapi/router.go","0489536"
"GET","/v1/places/{id}/images","places","untriaged","Civu-server/api/internal/httpapi/router.go","0489536"
"POST","/v1/places/{id}/images","places","untriaged","Civu-server/api/internal/httpapi/router.go","0489536"
"DELETE","/v1/places/{id}/images/{imageId}","places","untriaged","Civu-server/api/internal/httpapi/router.go","0489536"
"GET","/v1/places/{id}/recommendations","places","untriaged","Civu-server/api/internal/httpapi/router.go","0489536"
"POST","/v1/places/{id}/claims","places","untriaged","Civu-server/api/internal/httpapi/router.go","0489536"
"PUT","/v1/places/{id}/rating","places","untriaged","Civu-server/api/internal/httpapi/router.go","0489536"
"PUT","/v1/places/{id}/reaction","places","untriaged","Civu-server/api/internal/httpapi/router.go","0489536"
"DELETE","/v1/places/{id}/reaction","places","untriaged","Civu-server/api/internal/httpapi/router.go","0489536"
"GET","/v1/places/{id}/reactions","places","untriaged","Civu-server/api/internal/httpapi/router.go","0489536"
"POST","/v1/places/{id}/reactions/{reactionID}/reports","places","untriaged","Civu-server/api/internal/httpapi/router.go","0489536"
"GET","/v1/admin/place-reactions","admin","untriaged","Civu-server/api/internal/httpapi/router.go","0489536"
"GET","/v1/admin/place-ratings","admin","untriaged","Civu-server/api/internal/httpapi/router.go","0489536"
"GET","/v1/admin/place-ratings/{id}","admin","untriaged","Civu-server/api/internal/httpapi/router.go","0489536"
"POST","/v1/admin/place-ratings/{id}/status","admin","untriaged","Civu-server/api/internal/httpapi/router.go","0489536"
"POST","/v1/admin/place-reactions/{id}/moderation","admin","untriaged","Civu-server/api/internal/httpapi/router.go","0489536"
"DELETE","/v1/places/{id}/rating","places","untriaged","Civu-server/api/internal/httpapi/router.go","0489536"
"POST","/v1/places/{id}/corrections","places","untriaged","Civu-server/api/internal/httpapi/router.go","0489536"
"GET","/v1/places/{id}/corrections/mine","places","untriaged","Civu-server/api/internal/httpapi/router.go","0489536"
"GET","/v1/me/places","me","untriaged","Civu-server/api/internal/httpapi/router.go","0489536"
"GET","/v1/me/place-preferences","me","untriaged","Civu-server/api/internal/httpapi/router.go","0489536"
"PUT","/v1/me/place-preferences","me","untriaged","Civu-server/api/internal/httpapi/router.go","0489536"
"POST","/v1/import-jobs","import-jobs","untriaged","Civu-server/api/internal/httpapi/router.go","0489536"
"GET","/v1/import-jobs/{id}","import-jobs","untriaged","Civu-server/api/internal/httpapi/router.go","0489536"
"POST","/v1/import-jobs/{id}/apply","import-jobs","untriaged","Civu-server/api/internal/httpapi/router.go","0489536"
"GET","/v1/notes/{id}/comments/{commentID}","notes","untriaged","Civu-server/api/internal/httpapi/router.go","0489536"
"PUT","/v1/notes/{id}/media-locations","notes","untriaged","Civu-server/api/internal/httpapi/router.go","0489536"
"GET","/v1/map/moments","map","untriaged","Civu-server/api/internal/httpapi/router.go","0489536"
"PUT","/v1/me/map-markers/{kind}/{id}/seen","me","untriaged","Civu-server/api/internal/httpapi/router.go","0489536"
"GET","/v1/users/{id}/notes/context","users","untriaged","Civu-server/api/internal/httpapi/router.go","0489536"
"GET","/v1/me/content-attention","me","untriaged","Civu-server/api/internal/httpapi/router.go","0489536"
"GET","/v1/feed/discover","feed","untriaged","Civu-server/api/internal/httpapi/router.go","0489536"
"GET","/v1/feed/following","feed","untriaged","Civu-server/api/internal/httpapi/router.go","0489536"
"GET","/v1/search","search","untriaged","Civu-server/api/internal/httpapi/router.go","0489536"
"GET","/v1/search/grouped","search","untriaged","Civu-server/api/internal/httpapi/router.go","0489536"
"POST","/v1/theme-maps","theme-maps","untriaged","Civu-server/api/internal/httpapi/router.go","0489536"
"GET","/v1/theme-maps","theme-maps","untriaged","Civu-server/api/internal/httpapi/router.go","0489536"
"GET","/v1/theme-maps/discovery","theme-maps","untriaged","Civu-server/api/internal/httpapi/router.go","0489536"
"GET","/v1/theme-maps/deleted","theme-maps","untriaged","Civu-server/api/internal/httpapi/router.go","0489536"
"GET","/v1/theme-maps/{id}","theme-maps","untriaged","Civu-server/api/internal/httpapi/router.go","0489536"
"PATCH","/v1/theme-maps/{id}","theme-maps","untriaged","Civu-server/api/internal/httpapi/router.go","0489536"
"PUT","/v1/theme-maps/{id}/entries","theme-maps","untriaged","Civu-server/api/internal/httpapi/router.go","0489536"
"POST","/v1/theme-maps/{id}/entries","theme-maps","untriaged","Civu-server/api/internal/httpapi/router.go","0489536"
"GET","/v1/theme-maps/{id}/entries/{placeId}/content-candidates","theme-maps","untriaged","Civu-server/api/internal/httpapi/router.go","0489536"
"PUT","/v1/theme-maps/{id}/entries/{placeId}/content","theme-maps","untriaged","Civu-server/api/internal/httpapi/router.go","0489536"
"POST","/v1/theme-maps/{id}/sync-from-moment","theme-maps","untriaged","Civu-server/api/internal/httpapi/router.go","0489536"
"POST","/v1/theme-maps/{id}/publish","theme-maps","untriaged","Civu-server/api/internal/httpapi/router.go","0489536"
"POST","/v1/theme-maps/{id}/unpublish","theme-maps","untriaged","Civu-server/api/internal/httpapi/router.go","0489536"
"DELETE","/v1/theme-maps/{id}","theme-maps","untriaged","Civu-server/api/internal/httpapi/router.go","0489536"
"POST","/v1/theme-maps/{id}/restore","theme-maps","untriaged","Civu-server/api/internal/httpapi/router.go","0489536"
"POST","/v1/theme-maps/{id}/save","theme-maps","untriaged","Civu-server/api/internal/httpapi/router.go","0489536"
"DELETE","/v1/theme-maps/{id}/save","theme-maps","untriaged","Civu-server/api/internal/httpapi/router.go","0489536"
"POST","/v1/theme-maps/{id}/places/save","theme-maps","untriaged","Civu-server/api/internal/httpapi/router.go","0489536"
"POST","/v1/theme-maps/{id}/maps/{targetId}","theme-maps","untriaged","Civu-server/api/internal/httpapi/router.go","0489536"
"POST","/v1/theme-maps/{id}/journeys/{journeyId}","theme-maps","untriaged","Civu-server/api/internal/httpapi/router.go","0489536"
"POST","/v1/theme-maps/{id}/reports","theme-maps","untriaged","Civu-server/api/internal/httpapi/router.go","0489536"
"GET","/v1/notes","notes","untriaged","Civu-server/api/internal/httpapi/router.go","0489536"
"POST","/v1/notes","notes","untriaged","Civu-server/api/internal/httpapi/router.go","0489536"
"POST","/v1/note-threads","note-threads","untriaged","Civu-server/api/internal/httpapi/router.go","0489536"
"PUT","/v1/note-threads/{id}/legs","note-threads","untriaged","Civu-server/api/internal/httpapi/router.go","0489536"
"GET","/v1/moment-collaboration/capabilities","moment-collaboration","untriaged","Civu-server/api/internal/httpapi/router.go","0489536"
"POST","/v1/moment-collaboration/commands","moment-collaboration","untriaged","Civu-server/api/internal/httpapi/router.go","0489536"
"GET","/v1/moment-collaboration/inbox","moment-collaboration","untriaged","Civu-server/api/internal/httpapi/router.go","0489536"
"GET","/v1/moment-collaboration/requests/{id}","moment-collaboration","untriaged","Civu-server/api/internal/httpapi/router.go","0489536"
"POST","/v1/moment-collaboration/requests/{id}/decision","moment-collaboration","untriaged","Civu-server/api/internal/httpapi/router.go","0489536"
"GET","/v1/notes/{id}/collaboration","notes","untriaged","Civu-server/api/internal/httpapi/router.go","0489536"
"GET","/v1/moment-collections/{id}","moment-collections","untriaged","Civu-server/api/internal/httpapi/router.go","0489536"
"GET","/v1/notes/{id}","notes","untriaged","Civu-server/api/internal/httpapi/router.go","0489536"
"GET","/v1/notes/{id}/map-context","notes","untriaged","Civu-server/api/internal/httpapi/router.go","0489536"
"GET","/v1/notes/{id}/comments","notes","untriaged","Civu-server/api/internal/httpapi/router.go","0489536"
"POST","/v1/notes/{id}/comments","notes","untriaged","Civu-server/api/internal/httpapi/router.go","0489536"
"DELETE","/v1/notes/{id}/comments/{commentId}","notes","untriaged","Civu-server/api/internal/httpapi/router.go","0489536"
"PUT","/v1/notes/{id}/comments/{commentId}/like","notes","untriaged","Civu-server/api/internal/httpapi/router.go","0489536"
"DELETE","/v1/notes/{id}/comments/{commentId}/like","notes","untriaged","Civu-server/api/internal/httpapi/router.go","0489536"
"GET","/v1/notes/{id}/theme-maps","notes","untriaged","Civu-server/api/internal/httpapi/router.go","0489536"
"PATCH","/v1/notes/{id}","notes","untriaged","Civu-server/api/internal/httpapi/router.go","0489536"
"DELETE","/v1/notes/{id}","notes","untriaged","Civu-server/api/internal/httpapi/router.go","0489536"
"POST","/v1/notes/{id}/likes","notes","untriaged","Civu-server/api/internal/httpapi/router.go","0489536"
"DELETE","/v1/notes/{id}/likes","notes","untriaged","Civu-server/api/internal/httpapi/router.go","0489536"
"POST","/v1/notes/{id}/saves","notes","untriaged","Civu-server/api/internal/httpapi/router.go","0489536"
"DELETE","/v1/notes/{id}/saves","notes","untriaged","Civu-server/api/internal/httpapi/router.go","0489536"
"POST","/v1/notes/{id}/not-interested","notes","untriaged","Civu-server/api/internal/httpapi/router.go","0489536"
"POST","/v1/notes/{id}/reports","notes","untriaged","Civu-server/api/internal/httpapi/router.go","0489536"
"GET","/v1/journeys","journeys","untriaged","Civu-server/api/internal/httpapi/router.go","0489536"
"POST","/v1/journeys/{id}/reports","journeys","untriaged","Civu-server/api/internal/httpapi/router.go","0489536"
"GET","/v1/journeys/deleted","journeys","untriaged","Civu-server/api/internal/httpapi/router.go","0489536"
"POST","/v1/journey-generation/preview","journey-generation","untriaged","Civu-server/api/internal/httpapi/router.go","0489536"
"POST","/v1/ai/draft-contexts","ai","untriaged","Civu-server/api/internal/httpapi/router.go","0489536"
"POST","/v1/ai/activity-recommendations","ai","untriaged","Civu-server/api/internal/httpapi/router.go","0489536"
"POST","/v1/ai/activity-recommendations/{id}/adopted","ai","untriaged","Civu-server/api/internal/httpapi/router.go","0489536"
"GET","/v1/ai/threads/{id}","ai","untriaged","Civu-server/api/internal/httpapi/router.go","0489536"
"POST","/v1/ai/threads/{id}/messages","ai","untriaged","Civu-server/api/internal/httpapi/router.go","0489536"
"GET","/v1/ai/threads/{id}/messages/{requestId}/progress","ai","untriaged","Civu-server/api/internal/httpapi/router.go","0489536"
"POST","/v1/ai/previews/{id}/confirm","ai","untriaged","Civu-server/api/internal/httpapi/router.go","0489536"
"POST","/v1/ai/previews/{id}/reject","ai","untriaged","Civu-server/api/internal/httpapi/router.go","0489536"
"POST","/v1/ai/previews/{id}/undo","ai","untriaged","Civu-server/api/internal/httpapi/router.go","0489536"
"POST","/v1/ai/feedback","ai","untriaged","Civu-server/api/internal/httpapi/router.go","0489536"
"POST","/v1/route-plans","route-plans","untriaged","Civu-server/api/internal/httpapi/router.go","0489536"
"POST","/v1/journeys/{id}/route-optimization","journeys","untriaged","Civu-server/api/internal/httpapi/router.go","0489536"
"POST","/v1/journeys/{id}/stop-order-optimization","journeys","untriaged","Civu-server/api/internal/httpapi/router.go","0489536"
"POST","/v1/journeys/{id}/recommendations","journeys","untriaged","Civu-server/api/internal/httpapi/router.go","0489536"
"POST","/v1/ai/previews/{id}/recommendation-events","ai","untriaged","Civu-server/api/internal/httpapi/router.go","0489536"
"POST","/v1/journeys","journeys","untriaged","Civu-server/api/internal/httpapi/router.go","0489536"
"GET","/v1/journeys/{id}","journeys","untriaged","Civu-server/api/internal/httpapi/router.go","0489536"
"POST","/v1/journeys/{id}/ai/threads","journeys","untriaged","Civu-server/api/internal/httpapi/router.go","0489536"
"PATCH","/v1/journeys/{id}","journeys","untriaged","Civu-server/api/internal/httpapi/router.go","0489536"
"DELETE","/v1/journeys/{id}","journeys","untriaged","Civu-server/api/internal/httpapi/router.go","0489536"
"POST","/v1/journeys/{id}/restore","journeys","untriaged","Civu-server/api/internal/httpapi/router.go","0489536"
"GET","/v1/journeys/{id}/arrangements","journeys","untriaged","Civu-server/api/internal/httpapi/router.go","0489536"
"POST","/v1/journeys/{id}/arrangements","journeys","untriaged","Civu-server/api/internal/httpapi/router.go","0489536"
"PATCH","/v1/journeys/{id}/arrangements/{itemId}","journeys","untriaged","Civu-server/api/internal/httpapi/router.go","0489536"
"DELETE","/v1/journeys/{id}/arrangements/{itemId}","journeys","untriaged","Civu-server/api/internal/httpapi/router.go","0489536"
"POST","/v1/journeys/{id}/days","journeys","untriaged","Civu-server/api/internal/httpapi/router.go","0489536"
"DELETE","/v1/journeys/{id}/days/{dayIndex}","journeys","untriaged","Civu-server/api/internal/httpapi/router.go","0489536"
"POST","/v1/journeys/{id}/days:reorder","journeys","untriaged","Civu-server/api/internal/httpapi/router.go","0489536"
"GET","/v1/journeys/{id}/notes","journeys","untriaged","Civu-server/api/internal/httpapi/router.go","0489536"
"POST","/v1/journeys/{id}/notes","journeys","untriaged","Civu-server/api/internal/httpapi/router.go","0489536"
"PATCH","/v1/journeys/{id}/notes/{noteId}","journeys","untriaged","Civu-server/api/internal/httpapi/router.go","0489536"
"DELETE","/v1/journeys/{id}/notes/{noteId}","journeys","untriaged","Civu-server/api/internal/httpapi/router.go","0489536"
"GET","/v1/journeys/{id}/packing-items","journeys","untriaged","Civu-server/api/internal/httpapi/router.go","0489536"
"POST","/v1/journeys/{id}/packing-items","journeys","untriaged","Civu-server/api/internal/httpapi/router.go","0489536"
"PATCH","/v1/journeys/{id}/packing-items/{itemId}","journeys","untriaged","Civu-server/api/internal/httpapi/router.go","0489536"
"DELETE","/v1/journeys/{id}/packing-items/{itemId}","journeys","untriaged","Civu-server/api/internal/httpapi/router.go","0489536"
"GET","/v1/journeys/{id}/media","journeys","untriaged","Civu-server/api/internal/httpapi/router.go","0489536"
"POST","/v1/journeys/{id}/media","journeys","untriaged","Civu-server/api/internal/httpapi/router.go","0489536"
"DELETE","/v1/journeys/{id}/media/{mediaRowId}","journeys","untriaged","Civu-server/api/internal/httpapi/router.go","0489536"
"GET","/v1/journeys/{id}/moments","journeys","untriaged","Civu-server/api/internal/httpapi/router.go","0489536"
"POST","/v1/journeys/{id}/moments","journeys","untriaged","Civu-server/api/internal/httpapi/router.go","0489536"
"DELETE","/v1/journeys/{id}/moments/{momentId}","journeys","untriaged","Civu-server/api/internal/httpapi/router.go","0489536"
"POST","/v1/journeys/{id}/members","journeys","untriaged","Civu-server/api/internal/httpapi/router.go","0489536"
"GET","/v1/journeys/{id}/publication-preview","journeys","untriaged","Civu-server/api/internal/httpapi/router.go","0489536"
"POST","/v1/journeys/{id}/publications","journeys","untriaged","Civu-server/api/internal/httpapi/router.go","0489536"
"POST","/v1/journeys/{id}/publish","journeys","untriaged","Civu-server/api/internal/httpapi/router.go","0489536"
"DELETE","/v1/journeys/{id}/publication","journeys","untriaged","Civu-server/api/internal/httpapi/router.go","0489536"
"POST","/v1/journeys/{id}/withdraw","journeys","untriaged","Civu-server/api/internal/httpapi/router.go","0489536"
"PATCH","/v1/journeys/{id}/visibility","journeys","untriaged","Civu-server/api/internal/httpapi/router.go","0489536"
"POST","/v1/journeys/{id}/share-links","journeys","untriaged","Civu-server/api/internal/httpapi/router.go","0489536"
"DELETE","/v1/journeys/{id}/share-links/{linkId}","journeys","untriaged","Civu-server/api/internal/httpapi/router.go","0489536"
"GET","/v1/journeys/{id}/collaborators","journeys","untriaged","Civu-server/api/internal/httpapi/router.go","0489536"
"PATCH","/v1/journeys/{id}/collaborators/{userId}","journeys","untriaged","Civu-server/api/internal/httpapi/router.go","0489536"
"DELETE","/v1/journeys/{id}/collaborators/{userId}","journeys","untriaged","Civu-server/api/internal/httpapi/router.go","0489536"
"POST","/v1/journeys/{id}/leave","journeys","untriaged","Civu-server/api/internal/httpapi/router.go","0489536"
"POST","/v1/journeys/{id}/transfer-ownership","journeys","untriaged","Civu-server/api/internal/httpapi/router.go","0489536"
"POST","/v1/journeys/{id}/invitations","journeys","untriaged","Civu-server/api/internal/httpapi/router.go","0489536"
"DELETE","/v1/journeys/{id}/invitations/{invitationId}","journeys","untriaged","Civu-server/api/internal/httpapi/router.go","0489536"
"POST","/v1/journeys/{id}/saves","journeys","untriaged","Civu-server/api/internal/httpapi/router.go","0489536"
"DELETE","/v1/journeys/{id}/saves","journeys","untriaged","Civu-server/api/internal/httpapi/router.go","0489536"
"POST","/v1/journeys/{id}/likes","journeys","untriaged","Civu-server/api/internal/httpapi/router.go","0489536"
"DELETE","/v1/journeys/{id}/likes","journeys","untriaged","Civu-server/api/internal/httpapi/router.go","0489536"
"POST","/v1/journey-invitations/{token}/accept","journey-invitations","untriaged","Civu-server/api/internal/httpapi/router.go","0489536"
"POST","/v1/journey-invitations/{token}/decline","journey-invitations","untriaged","Civu-server/api/internal/httpapi/router.go","0489536"
"GET","/v1/public-journeys/{id}","public-journeys","untriaged","Civu-server/api/internal/httpapi/router.go","0489536"
"GET","/v1/public-journeys/{id}/locations","public-journeys","untriaged","Civu-server/api/internal/httpapi/router.go","0489536"
"GET","/v1/public-journeys/{id}/story","public-journeys","untriaged","Civu-server/api/internal/httpapi/router.go","0489536"
"GET","/v1/journeys/{id}/story","journeys","untriaged","Civu-server/api/internal/httpapi/router.go","0489536"
"GET","/v1/journeys/{id}/route-preferences","journeys","untriaged","Civu-server/api/internal/httpapi/router.go","0489536"
"PUT","/v1/journeys/{id}/route-preferences","journeys","untriaged","Civu-server/api/internal/httpapi/router.go","0489536"
"PUT","/v1/journeys/{id}/story","journeys","untriaged","Civu-server/api/internal/httpapi/router.go","0489536"
"GET","/v1/journeys/{id}/story-candidates","journeys","untriaged","Civu-server/api/internal/httpapi/router.go","0489536"
"GET","/v1/journeys/{id}/notes/{noteId}/story-grant","journeys","untriaged","Civu-server/api/internal/httpapi/router.go","0489536"
"PUT","/v1/journeys/{id}/notes/{noteId}/story-grant","journeys","untriaged","Civu-server/api/internal/httpapi/router.go","0489536"
"POST","/v1/public-journeys/{id}/notes/{noteId}/media/{mediaId}/copy-location","public-journeys","untriaged","Civu-server/api/internal/httpapi/router.go","0489536"
"PUT","/v1/journeys/{id}/notes/{noteId}/media/{mediaId}/location-grant","journeys","untriaged","Civu-server/api/internal/httpapi/router.go","0489536"
"GET","/v1/journeys/{id}/notes/{noteId}/media/{mediaId}/location-grant","journeys","untriaged","Civu-server/api/internal/httpapi/router.go","0489536"
"POST","/v1/public-journeys/{id}/copy","public-journeys","untriaged","Civu-server/api/internal/httpapi/router.go","0489536"
"GET","/v1/share-links/{token}","share-links","untriaged","Civu-server/api/internal/httpapi/router.go","0489536"
"GET","/v1/notifications","notifications","untriaged","Civu-server/api/internal/httpapi/router.go","0489536"
"GET","/v1/notifications/summary","notifications","untriaged","Civu-server/api/internal/httpapi/router.go","0489536"
"POST","/v1/notifications/seen","notifications","untriaged","Civu-server/api/internal/httpapi/router.go","0489536"
"GET","/v1/me/following","me","untriaged","Civu-server/api/internal/httpapi/router.go","0489536"
"POST","/v1/notes/{id}/shares","notes","untriaged","Civu-server/api/internal/httpapi/router.go","0489536"
"POST","/v1/notifications/read-all","notifications","untriaged","Civu-server/api/internal/httpapi/router.go","0489536"
"POST","/v1/notifications/{id}/read","notifications","untriaged","Civu-server/api/internal/httpapi/router.go","0489536"
"DELETE","/v1/notifications/{id}","notifications","untriaged","Civu-server/api/internal/httpapi/router.go","0489536"
"POST","/v1/notifications/clear-read","notifications","untriaged","Civu-server/api/internal/httpapi/router.go","0489536"
"GET","/v1/admin/journey-governance/{id}","admin","untriaged","Civu-server/api/internal/httpapi/router.go","0489536"
"GET","/v1/admin/journeys","admin","untriaged","Civu-server/api/internal/httpapi/router.go","0489536"
"GET","/v1/admin/journey-recommendations/audit","admin","untriaged","Civu-server/api/internal/httpapi/router.go","0489536"
"GET","/v1/me/journey-recommendations","me","untriaged","Civu-server/api/internal/httpapi/router.go","0489536"
"PUT","/v1/me/journey-recommendations","me","untriaged","Civu-server/api/internal/httpapi/router.go","0489536"
"POST","/v1/admin/journeys","admin","untriaged","Civu-server/api/internal/httpapi/router.go","0489536"
"GET","/v1/admin/journeys/{id}","admin","untriaged","Civu-server/api/internal/httpapi/router.go","0489536"
"PUT","/v1/admin/journeys/{id}","admin","untriaged","Civu-server/api/internal/httpapi/router.go","0489536"
"POST","/v1/admin/journeys/{id}/moderate","admin","untriaged","Civu-server/api/internal/httpapi/router.go","0489536"
"GET","/v1/admin/moments","admin","untriaged","Civu-server/api/internal/httpapi/router.go","0489536"
"GET","/v1/admin/moment-collaborations","admin","untriaged","Civu-server/api/internal/httpapi/router.go","0489536"
"GET","/v1/admin/moment-collaborations/{id}/audit","admin","untriaged","Civu-server/api/internal/httpapi/router.go","0489536"
"POST","/v1/admin/moment-collaborations/{id}/remove","admin","untriaged","Civu-server/api/internal/httpapi/router.go","0489536"
"POST","/v1/admin/moments","admin","untriaged","Civu-server/api/internal/httpapi/router.go","0489536"
"GET","/v1/admin/moments/{id}","admin","untriaged","Civu-server/api/internal/httpapi/router.go","0489536"
"PUT","/v1/admin/moments/{id}","admin","untriaged","Civu-server/api/internal/httpapi/router.go","0489536"
"POST","/v1/admin/moments/{id}/moderate","admin","untriaged","Civu-server/api/internal/httpapi/router.go","0489536"
"GET","/v1/admin/commercial/providers","admin","untriaged","Civu-server/api/internal/httpapi/router.go","0489536"
"POST","/v1/admin/commercial/providers","admin","untriaged","Civu-server/api/internal/httpapi/router.go","0489536"
"GET","/v1/admin/commercial/providers/{id}","admin","untriaged","Civu-server/api/internal/httpapi/router.go","0489536"
"PUT","/v1/admin/commercial/providers/{id}","admin","untriaged","Civu-server/api/internal/httpapi/router.go","0489536"
"POST","/v1/admin/commercial/providers/{id}/status","admin","untriaged","Civu-server/api/internal/httpapi/router.go","0489536"
"GET","/v1/admin/commercial/agreements","admin","untriaged","Civu-server/api/internal/httpapi/router.go","0489536"
"POST","/v1/admin/commercial/agreements","admin","untriaged","Civu-server/api/internal/httpapi/router.go","0489536"
"GET","/v1/admin/commercial/agreements/{id}","admin","untriaged","Civu-server/api/internal/httpapi/router.go","0489536"
"PUT","/v1/admin/commercial/agreements/{id}","admin","untriaged","Civu-server/api/internal/httpapi/router.go","0489536"
"POST","/v1/admin/commercial/agreements/{id}/status","admin","untriaged","Civu-server/api/internal/httpapi/router.go","0489536"
"GET","/v1/admin/commercial/channels","admin","untriaged","Civu-server/api/internal/httpapi/router.go","0489536"
"POST","/v1/admin/commercial/channels","admin","untriaged","Civu-server/api/internal/httpapi/router.go","0489536"
"GET","/v1/admin/commercial/channels/{id}","admin","untriaged","Civu-server/api/internal/httpapi/router.go","0489536"
"PUT","/v1/admin/commercial/channels/{id}","admin","untriaged","Civu-server/api/internal/httpapi/router.go","0489536"
"POST","/v1/admin/commercial/channels/{id}/status","admin","untriaged","Civu-server/api/internal/httpapi/router.go","0489536"
"GET","/v1/admin/users","admin","untriaged","Civu-server/api/internal/httpapi/router.go","0489536"
"POST","/v1/admin/users","admin","untriaged","Civu-server/api/internal/httpapi/router.go","0489536"
"GET","/v1/admin/users/{id}","admin","untriaged","Civu-server/api/internal/httpapi/router.go","0489536"
"PUT","/v1/admin/users/{id}","admin","untriaged","Civu-server/api/internal/httpapi/router.go","0489536"
"POST","/v1/admin/users/{id}/status","admin","untriaged","Civu-server/api/internal/httpapi/router.go","0489536"
"POST","/v1/admin/users/{id}/sessions/revoke","admin","untriaged","Civu-server/api/internal/httpapi/router.go","0489536"
"GET","/v1/admin/places","admin","untriaged","Civu-server/api/internal/httpapi/router.go","0489536"
"GET","/v1/admin/place-corrections","admin","untriaged","Civu-server/api/internal/httpapi/router.go","0489536"
"GET","/v1/admin/place-corrections/{id}","admin","untriaged","Civu-server/api/internal/httpapi/router.go","0489536"
"POST","/v1/admin/place-corrections/{id}/{action}","admin","untriaged","Civu-server/api/internal/httpapi/router.go","0489536"
"GET","/v1/admin/place-images","admin","untriaged","Civu-server/api/internal/httpapi/router.go","0489536"
"GET","/v1/admin/place-events","admin","untriaged","Civu-server/api/internal/httpapi/router.go","0489536"
"GET","/v1/admin/place-event-sources","admin","untriaged","Civu-server/api/internal/httpapi/router.go","0489536"
"POST","/v1/admin/place-event-sources/commands","admin","untriaged","Civu-server/api/internal/httpapi/router.go","0489536"
"POST","/v1/admin/place-events","admin","untriaged","Civu-server/api/internal/httpapi/router.go","0489536"
"GET","/v1/admin/place-events/{id}","admin","untriaged","Civu-server/api/internal/httpapi/router.go","0489536"
"PUT","/v1/admin/place-events/{id}","admin","untriaged","Civu-server/api/internal/httpapi/router.go","0489536"
"POST","/v1/admin/place-events/{id}/status","admin","untriaged","Civu-server/api/internal/httpapi/router.go","0489536"
"POST","/v1/admin/places/resolve-preview","admin","untriaged","Civu-server/api/internal/httpapi/router.go","0489536"
"POST","/v1/admin/destination-merge-batches","admin","untriaged","Civu-server/api/internal/httpapi/router.go","0489536"
"GET","/v1/admin/destination-merge-batches/{id}","admin","untriaged","Civu-server/api/internal/httpapi/router.go","0489536"
"POST","/v1/admin/destination-merge-batches/{id}/{action}","admin","untriaged","Civu-server/api/internal/httpapi/router.go","0489536"
"GET","/v1/admin/place-taxonomy","admin","untriaged","Civu-server/api/internal/httpapi/router.go","0489536"
"GET","/v1/admin/place-taxonomy-proposals","admin","untriaged","Civu-server/api/internal/httpapi/router.go","0489536"
"POST","/v1/admin/place-taxonomy-proposals","admin","untriaged","Civu-server/api/internal/httpapi/router.go","0489536"
"GET","/v1/admin/place-taxonomy-proposals/{id}","admin","untriaged","Civu-server/api/internal/httpapi/router.go","0489536"
"POST","/v1/admin/place-taxonomy-proposals/{id}/{action}","admin","untriaged","Civu-server/api/internal/httpapi/router.go","0489536"
"GET","/v1/admin/place-taxonomy/{code}","admin","untriaged","Civu-server/api/internal/httpapi/router.go","0489536"
"POST","/v1/admin/place-taxonomy/{code}/{action}","admin","untriaged","Civu-server/api/internal/httpapi/router.go","0489536"
"GET","/v1/admin/place-category-strategies","admin","untriaged","Civu-server/api/internal/httpapi/router.go","0489536"
"POST","/v1/admin/place-category-strategies","admin","untriaged","Civu-server/api/internal/httpapi/router.go","0489536"
"GET","/v1/admin/place-category-strategies/metrics","admin","untriaged","Civu-server/api/internal/httpapi/router.go","0489536"
"POST","/v1/admin/place-category-strategies/{id}/{action}","admin","untriaged","Civu-server/api/internal/httpapi/router.go","0489536"
"POST","/v1/admin/places","admin","untriaged","Civu-server/api/internal/httpapi/router.go","0489536"
"POST","/v1/admin/places/selection","admin","untriaged","Civu-server/api/internal/httpapi/router.go","0489536"
"POST","/v1/admin/places/bulk-status","admin","untriaged","Civu-server/api/internal/httpapi/router.go","0489536"
"POST","/v1/admin/places/bulk-fields","admin","untriaged","Civu-server/api/internal/httpapi/router.go","0489536"
"POST","/v1/admin/places/export","admin","untriaged","Civu-server/api/internal/httpapi/router.go","0489536"
"POST","/v1/admin/place-imports","admin","untriaged","Civu-server/api/internal/httpapi/router.go","0489536"
"POST","/v1/admin/place-acquisitions","admin","untriaged","Civu-server/api/internal/httpapi/router.go","0489536"
"GET","/v1/admin/place-imports/{id}","admin","untriaged","Civu-server/api/internal/httpapi/router.go","0489536"
"POST","/v1/admin/place-imports/{id}/rows/{row}/decision","admin","untriaged","Civu-server/api/internal/httpapi/router.go","0489536"
"POST","/v1/admin/place-imports/{id}/publish","admin","untriaged","Civu-server/api/internal/httpapi/router.go","0489536"
"DELETE","/v1/admin/place-imports/{id}","admin","untriaged","Civu-server/api/internal/httpapi/router.go","0489536"
"GET","/v1/admin/theme-maps","admin","untriaged","Civu-server/api/internal/httpapi/router.go","0489536"
"POST","/v1/admin/theme-maps","admin","untriaged","Civu-server/api/internal/httpapi/router.go","0489536"
"GET","/v1/admin/theme-maps/{id}","admin","untriaged","Civu-server/api/internal/httpapi/router.go","0489536"
"PATCH","/v1/admin/theme-maps/{id}","admin","untriaged","Civu-server/api/internal/httpapi/router.go","0489536"
"POST","/v1/admin/theme-maps/{id}/moderate","admin","untriaged","Civu-server/api/internal/httpapi/router.go","0489536"
"GET","/v1/admin/place-submissions","admin","untriaged","Civu-server/api/internal/httpapi/router.go","0489536"
"GET","/v1/admin/place-submissions/{id}","admin","untriaged","Civu-server/api/internal/httpapi/router.go","0489536"
"POST","/v1/admin/place-submissions/{id}/{action}","admin","untriaged","Civu-server/api/internal/httpapi/router.go","0489536"
"GET","/v1/admin/places/{id}","admin","untriaged","Civu-server/api/internal/httpapi/router.go","0489536"
"PUT","/v1/admin/places/{id}","admin","untriaged","Civu-server/api/internal/httpapi/router.go","0489536"
"POST","/v1/admin/places/{id}/status","admin","untriaged","Civu-server/api/internal/httpapi/router.go","0489536"
"PATCH","/v1/admin/places/{id}/lifecycle","admin","untriaged","Civu-server/api/internal/httpapi/router.go","0489536"
"POST","/v1/admin/places/{id}/cover","admin","untriaged","Civu-server/api/internal/httpapi/router.go","0489536"
"PATCH","/v1/admin/places/{id}/images/{imageId}","admin","untriaged","Civu-server/api/internal/httpapi/router.go","0489536"
"GET","/v1/admin/place-claims","admin","untriaged","Civu-server/api/internal/httpapi/router.go","0489536"
"PATCH","/v1/admin/place-claims/{claimId}","admin","untriaged","Civu-server/api/internal/httpapi/router.go","0489536"
"GET","/v1/admin/ai/overview","admin","untriaged","Civu-server/api/internal/httpapi/router.go","0489536"
"POST","/v1/admin/ai/prompts","admin","untriaged","Civu-server/api/internal/httpapi/router.go","0489536"
"POST","/v1/admin/ai/prompts/{id}/command","admin","untriaged","Civu-server/api/internal/httpapi/router.go","0489536"
"POST","/v1/admin/ai/scenes/{id}/command","admin","untriaged","Civu-server/api/internal/httpapi/router.go","0489536"
"POST","/v1/admin/ai/settings/command","admin","untriaged","Civu-server/api/internal/httpapi/router.go","0489536"
